Workbook

Sheet Method

Sheet DK1
C2: Offpeak (kWh) | D2: 'Peak' (kWh) | E2: Hours | F2: Offpeak hours | G2: Peak hours | H2: Base/hour | I2: Base (kWh) | J2: Peak (kWh) | K2: Base percentage | M2: Hedge volume Base DK1 | N2: Peak DK1
B3: 43831 | C3: =SUMIF(Profiles!$D2:$D745,"=0",Profiles!$B2:$B745) -> 6478.2112 | D3: =SUMIF(Profiles!$D2:$D745,"=1",Profiles!$B2:$B745) -> 4742.1641 | E3: =24*31 -> 744 | F3: =E3-G3 -> 468 | G3: =SUMIF(Profiles!$D2:$D745,"=1") -> 276 | H3: =C3/F3 -> 13.842332 | I3: =H3*E3 -> 10298.695 | J3: =D3-(H3*G3) -> 921.68063 | K3: =I3/SUM(I3:J3) -> 0.91785652 | M3: 91.8* Forecasted volume | N3: (100-91.8)*forecasted volume
B4: 43862 | C4: =SUMIF(Profiles!$D746:$D1441,"=0",Profiles!$B746:$B1441) -> 5842.6262 | D4: =SUMIF(Profiles!$D746:$D1441,"=1",Profiles!$B746:$B1441) -> 3684.5496 | E4: =24*29 -> 696 | F4: =E4-G4 -> 456 | G4: =SUMIF(Profiles!$D746:$D1441,"=1") -> 240 | H4: =C4/F4 -> 12.812777 | I4: =H4*E4 -> 8917.6926 | J4: =D4-(H4*G4) -> 609.48319 | K4: =I4/SUM(I4:J4) -> 0.93602688
B5: 43891 | C5: =SUMIF(Profiles!$D1442:$D2184,"=0",Profiles!$B1442:$B2184) -> 5681.1915 | D5: =SUMIF(Profiles!$D1442:$D2184,"=1",Profiles!$B1442:$B2184) -> 3690.9562 | E5: =24*31-1 -> 743 | F5: =E5-G5 -> 479 | G5: =SUMIF(Profiles!$D1442:$D2184,"=1") -> 264 | H5: =C5/F5 -> 11.860525 | I5: =H5*E5 -> 8812.3702 | J5: =D5-(H5*G5) -> 559.77756 | K5: =I5/SUM(I5:J5) -> 0.94027222
B6: 43922 | C6: =SUMIF(Profiles!$D2185:$D2904,"=0",Profiles!$B2185:$B2904) -> 4750.5992 | D6: =SUMIF(Profiles!$D2185:$D2904,"=1",Profiles!$B2185:$B2904) -> 3262.6191 | E6: =24*30 -> 720 | F6: =E6-G6 -> 456 | G6: =SUMIF(Profiles!$D2185:$D2904,"=1") -> 264 | H6: =C6/F6 -> 10.417981 | I6: =H6*E6 -> 7500.9462 | J6: =D6-(H6*G6) -> 512.27222 | K6: =I6/SUM(I6:J6) -> 0.9360716
B7: 43952 | C7: =SUMIF(Profiles!$D2905:$D3648,"=0",Profiles!$B2905:$B3648) -> 4303.7445 | D7: =SUMIF(Profiles!$D2905:$D3648,"=1",Profiles!$B2905:$B3648) -> 2500.996 | E7: =24*31 -> 744 | F7: =E7-G7 -> 492 | G7: =SUMIF(Profiles!$D2905:$D3648,"=1") -> 252 | H7: =C7/F7 -> 8.7474481 | I7: =H7*E7 -> 6508.1014 | J7: =D7-(H7*G7) -> 296.63911 | K7: =I7/SUM(I7:J7) -> 0.95640699
B8: 43983 | C8: =SUMIF(Profiles!$D3649:$D4368,"=0",Profiles!$B3649:$B4368) -> 4343.4031 | D8: =SUMIF(Profiles!$D3649:$D4368,"=1",Profiles!$B3649:$B4368) -> 2872.2492 | E8: =24*30 -> 720 | F8: =E8-G8 -> 456 | G8: =SUMIF(Profiles!$D3649:$D4368,"=1") -> 264 | H8: =C8/F8 -> 9.5250067 | I8: =H8*E8 -> 6858.0049 | J8: =D8-(H8*G8) -> 357.64737 | K8: =I8/SUM(I8:J8) -> 0.95043451
B9: 44013 | C9: =SUMIF(Profiles!$D4369:$D5112,"=0",Profiles!$B4369:$B5112) -> 3833.568 | D9: =SUMIF(Profiles!$D4369:$D5112,"=1",Profiles!$B4369:$B5112) -> 2760.631 | E9: =24*31 -> 744 | F9: =E9-G9 -> 468 | G9: =SUMIF(Profiles!$D4369:$D5112,"=1") -> 276 | H9: =C9/F9 -> 8.1913846 | I9: =H9*E9 -> 6094.3901 | J9: =D9-(H9*G9) -> 499.80885 | K9: =I9/SUM(I9:J9) -> 0.92420477
B10: 44044 | C10: =SUMIF(Profiles!$D5113:$D5856,"=0",Profiles!$B5113:$B5856) -> 4195.8575 | D10: =SUMIF(Profiles!$D5113:$D5856,"=1",Profiles!$B5113:$B5856) -> 2547.7565 | E10: =24*31 -> 744 | F10: =E10-G10 -> 492 | G10: =SUMIF(Profiles!$D5113:$D5856,"=1") -> 252 | H10: =C10/F10 -> 8.5281656 | I10: =H10*E10 -> 6344.9552 | J10: =D10-(H10*G10) -> 398.65876 | K10: =I10/SUM(I10:J10) -> 0.94088351
B11: 44075 | C11: =SUMIF(Profiles!$D5857:$D6576,"=0",Profiles!$B5857:$B6576) -> 3885.9776 | D11: =SUMIF(Profiles!$D5857:$D6576,"=1",Profiles!$B5857:$B6576) -> 2664.5232 | E11: =24*30 -> 720 | F11: =E11-G11 -> 456 | G11: =SUMIF(Profiles!$D5857:$D6576,"=1") -> 264 | H11: =C11/F11 -> 8.5218807 | I11: =H11*E11 -> 6135.7541 | J11: =D11-(H11*G11) -> 414.74674 | K11: =I11/SUM(I11:J11) -> 0.93668473
B12: 44105 | C12: =SUMIF(Profiles!$D6577:$D7321,"=0",Profiles!$B6577:$B7321) -> 4946.8852 | D12: =SUMIF(Profiles!$D6577:$D7321,"=1",Profiles!$B6577:$B7321) -> 3423.782 | E12: =24*31+1 -> 745 | F12: =E12-G12 -> 481 | G12: =SUMIF(Profiles!$D6577:$D7321,"=1") -> 264 | H12: =C12/F12 -> 10.284585 | I12: =H12*E12 -> 7662.0155 | J12: =D12-(H12*G12) -> 708.65172 | K12: =I12/SUM(I12:J12) -> 0.91534107
B13: 44136 | C13: =SUMIF(Profiles!$D7322:$D8041,"=0",Profiles!$B7322:$B8041) -> 5569.372 | D13: =SUMIF(Profiles!$D7322:$D8041,"=1",Profiles!$B7322:$B8041) -> 3760.0567 | E13: =24*30 -> 720 | F13: =E13-G13 -> 468 | G13: =SUMIF(Profiles!$D7322:$D8041,"=1") -> 252 | H13: =C13/F13 -> 11.900367 | I13: =H13*E13 -> 8568.2646 | J13: =D13-(H13*G13) -> 761.16406 | K13: =I13/SUM(I13:J13) -> 0.91841257
B14: 44166 | C14: =SUMIF(Profiles!$D8042:$D8785,"=0",Profiles!$B8042:$B8785) -> 5654.1097 | D14: =SUMIF(Profiles!$D8042:$D8785,"=1",Profiles!$B8042:$B8785) -> 4402.7625 | E14: =24*31 -> 744 | F14: =E14-G14 -> 468 | G14: =SUMIF(Profiles!$D8042:$D8785,"=1") -> 276 | H14: =C14/F14 -> 12.081431 | I14: =H14*E14 -> 8988.5846 | J14: =D14-(H14*G14) -> 1068.2876 | K14: =I14/SUM(I14:J14) -> 0.89377537
C16: Questions
F17: 11220.375 | G17: 276 | H17: =F17/G17 -> 40.653533
C19: Is the base percentage calculated in PREP or MIDAS??
C20: Base ratio/base percentage - is it PREP curve
C21: If No, from where do we get the Profiles values( DK1, DK2, PEAK)
C23: Base % calculation is needed in Final Monthly price/DK1 Ask calculation
C24: Final Monthly price/DK1 Ask calculation is needed in Weighted Average price calculation/Commodity Price
C25: Weighted Average price calculation/Commodity Price is needed in Credit fee calculation
C26: Credit fee calculation is needed in Delivery fees
C27: Delivery Fee= Margin DK1+ Margin DK2+ Credit Fee DK1+ Credit Fee DK2+ Nord Pool Trading Fee+ Nord Pool annual fee+ Imbalance fee DK1+ Imbalance Fee DK2+ Extended payment terms fee
C30: Values from Prep Curve | F30: Values from KAM/AM
C31: Nord pool trading fee | F31: Margin fee by KAM
C32: Nord Pool annual fee | F32: Extended payment terms Fee BY KAM
C33: Imbalance fee

Sheet DK2
C2: Offpeak (kWh) | D2: 'Peak' (kWh) | E2: Hours | F2: Offpeak hours | G2: Peak hours | H2: Base/hour | I2: Base (kWh) | J2: Peak (kWh) | K2: Base percentage | L2: Hedge volume Base DK1 | M2: Peak DK1
B3: 43831 | C3: =SUMIF(Profiles!$D2:$D745,"=0",Profiles!$C2:$C745) -> 951.12 | D3: =SUMIF(Profiles!$D2:$D745,"=1",Profiles!$C2:$C745) -> 1994.916 | E3: =24*31 -> 744 | F3: =E3-G3 -> 468 | G3: =SUMIF(Profiles!$D2:$D745,"=1") -> 276 | H3: =C3/F3 -> 2.0323077 | I3: =H3*E3 -> 1512.0369 | J3: =D3-(H3*G3) -> 1433.9991 | K3: =I3/SUM(I3:J3) -> 0.51324455 | L3: 51.3%* Forecasted volume | M3: (100%-51.3%)*forecasted volume
B4: 43862 | C4: =SUMIF(Profiles!$D746:$D1441,"=0",Profiles!$C746:$C1441) -> 865.759 | D4: =SUMIF(Profiles!$D746:$D1441,"=1",Profiles!$C746:$C1441) -> 1303.115 | E4: =24*29 -> 696 | F4: =E4-G4 -> 456 | G4: =SUMIF(Profiles!$D746:$D1441,"=1") -> 240 | H4: =C4/F4 -> 1.8985943 | I4: =H4*E4 -> 1321.4216 | J4: =D4-(H4*G4) -> 847.45237 | K4: =I4/SUM(I4:J4) -> 0.60926621
B5: 43891 | C5: =SUMIF(Profiles!$D1442:$D2184,"=0",Profiles!$C1442:$C2184) -> 992.158 | D5: =SUMIF(Profiles!$D1442:$D2184,"=1",Profiles!$C1442:$C2184) -> 1477.16 | E5: =24*31-1 -> 743 | F5: =E5-G5 -> 479 | G5: =SUMIF(Profiles!$D1442:$D2184,"=1") -> 264 | H5: =C5/F5 -> 2.0713111 | I5: =H5*E5 -> 1538.9841 | J5: =D5-(H5*G5) -> 930.33388 | K5: =I5/SUM(I5:J5) -> 0.62324258
B6: 43922 | C6: =SUMIF(Profiles!$D2185:$D2904,"=0",Profiles!$C2185:$C2904) -> 870.72 | D6: =SUMIF(Profiles!$D2185:$D2904,"=1",Profiles!$C2185:$C2904) -> 1329.839 | E6: =24*30 -> 720 | F6: =E6-G6 -> 456 | G6: =SUMIF(Profiles!$D2185:$D2904,"=1") -> 264 | H6: =C6/F6 -> 1.9094737 | I6: =H6*E6 -> 1374.8211 | J6: =D6-(H6*G6) -> 825.73795 | K6: =I6/SUM(I6:J6) -> 0.62475991
B7: 43952 | C7: =SUMIF(Profiles!$D2905:$D3648,"=0",Profiles!$C2905:$C3648) -> 1656.279 | D7: =SUMIF(Profiles!$D2905:$D3648,"=1",Profiles!$C2905:$C3648) -> 1744.756 | E7: =24*31 -> 744 | F7: =E7-G7 -> 492 | G7: =SUMIF(Profiles!$D2905:$D3648,"=1") -> 252 | H7: =C7/F7 -> 3.3664207 | I7: =H7*E7 -> 2504.617 | J7: =D7-(H7*G7) -> 896.41798 | K7: =I7/SUM(I7:J7) -> 0.73642789
B8: 43983 | C8: =SUMIF(Profiles!$D3649:$D4368,"=0",Profiles!$C3649:$C4368) -> 1811 | D8: =SUMIF(Profiles!$D3649:$D4368,"=1",Profiles!$C3649:$C4368) -> 1745.159 | E8: =24*30 -> 720 | F8: =E8-G8 -> 456 | G8: =SUMIF(Profiles!$D3649:$D4368,"=1") -> 264 | H8: =C8/F8 -> 3.9714912 | I8: =H8*E8 -> 2859.4737 | J8: =D8-(H8*G8) -> 696.68532 | K8: =I8/SUM(I8:J8) -> 0.8040905
B9: 44013 | C9: =SUMIF(Profiles!$D4369:$D5112,"=0",Profiles!$C4369:$C5112) -> 972.04 | D9: =SUMIF(Profiles!$D4369:$D5112,"=1",Profiles!$C4369:$C5112) -> 778.919 | E9: =24*31 -> 744 | F9: =E9-G9 -> 468 | G9: =SUMIF(Profiles!$D4369:$D5112,"=1") -> 276 | H9: =C9/F9 -> 2.0770085 | I9: =H9*E9 -> 1545.2944 | J9: =D9-(H9*G9) -> 205.66464 | K9: =I9/SUM(I9:J9) -> 0.88254172
B10: 44044 | C10: =SUMIF(Profiles!$D5113:$D5856,"=0",Profiles!$C5113:$C5856) -> 925.44 | D10: =SUMIF(Profiles!$D5113:$D5856,"=1",Profiles!$C5113:$C5856) -> 1361.52 | E10: =24*31 -> 744 | F10: =E10-G10 -> 492 | G10: =SUMIF(Profiles!$D5113:$D5856,"=1") -> 252 | H10: =C10/F10 -> 1.8809756 | I10: =H10*E10 -> 1399.4459 | J10: =D10-(H10*G10) -> 887.51415 | K10: =I10/SUM(I10:J10) -> 0.61192406
B11: 44075 | C11: =SUMIF(Profiles!$D5857:$D6576,"=0",Profiles!$C5857:$C6576) -> 912.4 | D11: =SUMIF(Profiles!$D5857:$D6576,"=1",Profiles!$C5857:$C6576) -> 1613.959 | E11: =24*30 -> 720 | F11: =E11-G11 -> 456 | G11: =SUMIF(Profiles!$D5857:$D6576,"=1") -> 264 | H11: =C11/F11 -> 2.0008772 | I11: =H11*E11 -> 1440.6316 | J11: =D11-(H11*G11) -> 1085.7274 | K11: =I11/SUM(I11:J11) -> 0.57024025
B12: 44105 | C12: =SUMIF(Profiles!$D6577:$D7321,"=0",Profiles!$C6577:$C7321) -> 927.16 | D12: =SUMIF(Profiles!$D6577:$D7321,"=1",Profiles!$C6577:$C7321) -> 1452.799 | E12: =24*31+1 -> 745 | F12: =E12-G12 -> 481 | G12: =SUMIF(Profiles!$D6577:$D7321,"=1") -> 264 | H12: =C12/F12 -> 1.9275676 | I12: =H12*E12 -> 1436.0378 | J12: =D12-(H12*G12) -> 943.92116 | K12: =I12/SUM(I12:J12) -> 0.60338764
B13: 44136 | C13: =SUMIF(Profiles!$D7322:$D8041,"=0",Profiles!$C7322:$C8041) -> 1071.399 | D13: =SUMIF(Profiles!$D7322:$D8041,"=1",Profiles!$C7322:$C8041) -> 1854.799 | E13: =24*30 -> 720 | F13: =E13-G13 -> 468 | G13: =SUMIF(Profiles!$D7322:$D8041,"=1") -> 252 | H13: =C13/F13 -> 2.2893141 | I13: =H13*E13 -> 1648.3062 | J13: =D13-(H13*G13) -> 1277.8918 | K13: =I13/SUM(I13:J13) -> 0.56329276
B14: 44166 | C14: =SUMIF(Profiles!$D8042:$D8785,"=0",Profiles!$C8042:$C8785) -> 988.879 | D14: =SUMIF(Profiles!$D8042:$D8785,"=1",Profiles!$C8042:$C8785) -> 1747.399 | E14: =24*31 -> 744 | F14: =E14-G14 -> 468 | G14: =SUMIF(Profiles!$D8042:$D8785,"=1") -> 276 | H14: =C14/F14 -> 2.1129893 | I14: =H14*E14 -> 1572.0641 | J14: =D14-(H14*G14) -> 1164.2139 | K14: =I14/SUM(I14:J14) -> 0.57452644

Sheet Profiles
B1: DK1 | C1: DK2 | D1: Peak
A2: 43831 | B2: 13.077904 | C2: 0.88 | D2: 0
A3: 43831.042 | B3: 12.34728 | C3: 0.8 | D3: 0
A4: 43831.083 | B4: 11.537461 | C4: 0.84 | D4: 0
A5: 43831.125 | B5: 10.676492 | C5: 0.84 | D5: 0
A6: 43831.167 | B6: 10.139673 | C6: 0.88 | D6: 0
A7: 43831.208 | B7: 10.086569 | C7: 0.88 | D7: 0
A8: 43831.25 | B8: 10.327369 | C8: 1.4 | D8: 0
A9: 43831.292 | B9: 10.707825 | C9: 1.52 | D9: 0
A10: 43831.333 | B10: 11.31869 | C10: 1.36 | D10: 1
A11: 43831.375 | B11: 12.325637 | C11: 0.92 | D11: 1
A12: 43831.417 | B12: 13.198967 | C12: 0.8 | D12: 1
A13: 43831.458 | B13: 13.280683 | C13: 1.36 | D13: 1
... A8785: 44196.958 | B8785: 12.6884 | C8785: 0.88 | D8785: 0
